Labels.Skew.StandardDeviation,Labels.Mean.Skew,Labels.Kurtosis.Skew,Labels.Skew.Mean,Labels.Skew.Skew,Features.MutualInformation.Skew,Features.Skew.NonAggregated,Features.Entropy.Skew,Features.Kurtosis.Skew,FeaturesLabels.SpearmanCorrelation.Skew,Features.Skew.StandardDeviation,FeaturesLabels.PearsonCorrelation.Skew,Features.Skew.Skew,Features.PearsonCorrelation.Skew,Features.Skew.Mean,Labels.Skew.NonAggregated,Features.Mean.Skew,Features.SpearmanCorrelation.Skew,Features.MutualInformation.StandardDeviation,Features.Mean.NonAggregated,Features.Kurtosis.NonAggregated,FeaturesLabels.PearsonCorrelation.NonAggregated,FeaturesLabels.SpearmanCorrelation.NonAggregated,FeaturesLabels.MutualInformation.StandardDeviation,FeaturesLabels.MutualInformation.Mean,Features.Entropy.Mean,Features.Entropy.StandardDeviation,Features.MutualInformation.Mean,Features.Entropy.NonAggregated,Features.MutualInformation.NonAggregated,Labels.Entropy.NonAggregated,FeaturesLabels.MutualInformation.NonAggregated,Features.PearsonCorrelation.Mean,Features.PearsonCorrelation.StandardDeviation,Features.PearsonCorrelation.NonAggregated,FeaturesLabels.PearsonCorrelation.Mean,FeaturesLabels.PearsonCorrelation.StandardDeviation,Features.SpearmanCorrelation.Mean,Features.SpearmanCorrelation.StandardDeviation,FeaturesLabels.SpearmanCorrelation.Mean,FeaturesLabels.SpearmanCorrelation.StandardDeviation,Features.SpearmanCorrelation.NonAggregated,Features.Kurtosis.Mean,Features.Kurtosis.StandardDeviation,Labels.Kurtosis.NonAggregated,Features.Mean.Mean,Features.Mean.StandardDeviation,Labels.Mean.NonAggregated,Labels.Mean.StandardDeviation,Labels.Kurtosis.StandardDeviation,Labels.SpearmanCorrelation.NonAggregated,Labels.Mean.Mean,Labels.PearsonCorrelation.NonAggregated,Labels.Kurtosis.Mean,dataset,fam_score,alg_fam,instances,dimensionality,instances_with_missing_val,ratio_of_discrete_features,ratio_of_numeric_features,nonzero_vals_cnt,missing values,non-zero values,attributes total,attributes categorical,attributes numerical
,,,,,,,,,,1.0408617560203286,,,,0.8175764044276091,2.043314857739802,,,,,,,,,,,,,3.4594316186372978,,,,0.2625236475080525,0.1845408418467501,,0.3649373375346734,0.35143285896672477,0.25362362317177634,0.06325906273364114,0.4886128355050663,0.36592729217145964,,1.221514741880529,2.558606990946,4.8233326158322685,2634.4153846153845,3711.0059484619596,3.3410256410256407,,,,,,,Acorns.csv,,,39,0.10256410256410256,0,0.0,1.0,156,0,,4,0,4
,,,,,,,,,,0.15920363310709088,,,,-0.10313525097527115,-0.3521212864803811,,,,,,,,,,,,,,,,,0.32991642266161575,0.3417761605062981,,0.37984791148068026,0.39068541761054065,0.6637551725011582,0.12575083494667894,0.7710403531237479,0.12237029032197425,,-0.7845600853894429,0.46209724427570265,-0.39924143104052945,55.503534375,104.50271521241903,0.72435,,,,,,,Admission_Predict_kaggle.csv,,,400,0.02,0,0.0,1.0,3200,0,,8,0,8
,,,,,,,,,,0.8685591753169134,,,,0.7996627477954125,-0.41853395581335173,,,,,,,,,,,,,,,,,0.04712805488608756,0.3482295370341756,,0.0024544988317631113,0.33493007529183716,-0.0689776915213787,0.30974946001040077,0.0186324692744743,0.4627359612666636,,0.7598858259805897,2.501000919374469,-0.3171324344069828,511.50120838769436,1062.9839083775864,124.83594278110448,,,,,,,airfoil_self_noise_uci.csv,,,1503,0.003992015968063872,0,0.0,1.0,9018,0,,6,0,6
,,,,,,,,,,2.4422840576041076,,,,2.4422840576041076,4.884568115208215,,,,,,,,,,8.416294953001962,1.7763568394002505e-15,,,0.0,,,,,"(0.013608635770666936, 0.7673632835951241)",0.4452429798414478,0.4461127546890646,,,0.4812416507514551,0.5187583492485448,-0.037516698497089676,11.35860086024723,12.565267526913898,23.92386838716113,424.4536842105263,414.4536842105263,838.9073684210526,,,,,,,analcatdata_apnea1.csv,,,475,0.008421052631578947,0,0.0,1.0,1900,0,,4,0,4
,,,,,,,,,,0.20041255521322537,,,,-0.058398829179183175,-0.33008189179876635,,,,,,,,,,,,,8.098742713256652,,,,0.2591165364595854,0.2861698061866413,,0.2912664532909662,0.3551123162260365,0.1294638752764139,0.13890049410626407,0.457809178023048,0.39965446421670814,,-1.029147423524385,0.23691745623030444,-0.6941200076121992,3051.3955564642542,4299.752653551856,9132.161643835616,,,,,,,analcatdata_birthday.csv,,,365,0.010958904109589041,30,0.0,1.0,1430,30,,4,0,4
,,,,,,4.061735313792941,,,,,,,,,4.061735313792941,,,1.859225883801784e-16,3659.03,17.158490019969495,"(1.0, 0.0)",1.0,,,6.030482255381074,0.2771065166537672,5.294014983461022e-16,,,,,,,,,,,,,,,,,17.158490019969495,,,3659.03,,,,,,,analcatdata_chlamydia.csv,,,100,0.04,0,0.0,1.0,400,0,,4,0,4
,,,,,,,,,,2.095642964384305,,,,3.7642200816078573,2.9248891423621606,,,,,,,,,,,,,,,,,0.3460452900086496,0.3689220744986549,,0.38553008520090665,0.40945334685884754,0.8889040139723003,0.0828873221365096,0.9324538987441534,0.060892177812561246,,19.256986096377513,20.192363887974693,8.833217892679823,22381.872636815922,29481.486588854717,43341.20895522388,,,,,,,analcatdata_election2000.csv,,,67,0.22388059701492538,0,0.0,1.0,1005,0,,15,0,15
,,,,,,,,,,1.3667576377663717,,,,2.5250041835037584,1.7960752655202348,,,,,,,,,,,,,,,,,0.3188654583296649,0.3741009328961888,,0.38226568611919365,0.43484436768350637,0.31878226671678594,0.3818542748883648,0.5230096365936595,0.44539280474194876,,7.483496370564862,8.728868223752245,2.2178957446209226,159.18814285714285,141.70431738019116,85.23333333333333,,,,,,,analcatdata_galapagos.csv,,,30,0.23333333333333334,6,0.0,1.0,204,6,,7,0,7
,,,,,,,,,,2.437220735612574,,,,1.2702858430921793,2.6499623961048604,,,,,,,,,,,,,,,,,0.12259626438775335,0.2774506039097047,,0.15894071919213676,0.3169745932651635,-0.012893011755306555,0.16722487524833765,0.0948482704736411,0.3318561565941343,,6.68806541365861,7.970679089477825,7.5509673757779865,2461.4524109014674,7364.710667049307,0.33962264150943394,,,,,,,analcatdata_gsssexsurvey.csv,,,159,0.06289308176100629,6,0.0,1.0,1584,6,,10,0,10
,,,,,,,,,,0.9512734012152355,,,,1.0327418919837916,0.2571193985719834,,,,,,,,,,,,,,,,,0.254041540280486,0.2792282972947503,,0.2263903728007771,0.2532892234979797,0.38332351331081543,0.278277073758075,0.37353639824939644,0.24148121757377958,,2.0188483167065594,2.627525738784128,-0.37819983454902006,823.5285285285286,1553.3963500449413,570.4054054054054,,,,,,,analcatdata_gviolence.csv,,,74,0.12162162162162163,0,0.0,1.0,666,0,,9,0,9
,,,,,,,,,,0.09549388572486783,,,,0.4975741137025428,0.5930679994274106,,,,,,,,,,6.310176200282141,0.09614078109142676,,,0.7469175933811306,,,,,"(-0.5455555544560848, 1.0241478534766244e-09)",0.11361111164201576,0.5581220574936427,,,0.22130040539318702,0.7786995946068129,-0.5573991892136259,-0.49218808570088646,0.29454101950221423,-0.19764706619867223,20.056481481481484,8.832407407407407,28.88888888888889,,,,,,,analcatdata_michiganacc.csv,,,108,0.037037037037037035,0,0.0,1.0,432,0,,4,0,4
,,,,,,,,,,1.5306937939633396,,,,0.3260195812280834,2.7945907941885335,,,,,,,,,,,,,,,,,0.20018927489810112,0.3260725689284498,,0.2956110140196736,0.38464244788773944,-0.045661184051117944,0.14848692835570096,0.04599955266882079,0.33623011863721497,,4.6359072441907205,3.2468311469036326,7.35912001685414,1.15,2.7943407590660416,4.408333333333333,,,,,,,analcatdata_ncaa.csv,,,120,0.16666666666666666,0,0.0,1.0,2400,0,,20,0,20
,,,,,,,,,,2.097405196320403,,,,-1.989185722200049,0.10821947412035371,,,,,,,,,,,,,5.512035660188275,,,,,,"(0.16955832557875622, 0.0916993938381339)",0.31531442985422253,0.3998331045280577,,,0.5788816680333512,0.42111833196664883,0.15776333606670237,7.77909159628153,9.642999133501513,-1.863907537219983,7.74,2.18,5.56,,,,,,,analcatdata_neavote.csv,,,100,0.03,0,0.0,1.0,300,0,,3,0,3
,,,,,,,,,,0.3171691702309598,,,,-0.48632140871043317,-1.0753056433321095,,,,,,,,,,,,,5.614709844115209,,,,0.21539594922027425,0.20784425375224208,,0.288187148678677,0.33790180081588417,0.32954638804259373,0.21830335181667387,0.5421600260956138,0.31525071639116375,,-0.03709356320630715,0.4593536555623823,0.831984188464364,47.21041567043382,21.394796963994917,5.934782608695652,,,,,,,analcatdata_negotiation.csv,,,92,0.06521739130434782,17,0.0,1.0,526,26,,6,0,6
,,,,,,,,,,1.719551068065122,,,,2.0649339064679153,4.857315615404938,,,,,,,,,,,,,,,,,0.31509937435291663,0.3445128733511598,,0.28471085777768435,0.3055413086607962,0.6438778619212039,0.1795636003778997,0.646085393793632,0.17362643212173973,,7.397377217777567,8.67035187210963,24.823416644539897,41668.1745530694,118786.1251356939,430533.75757575757,,,,,,,analcatdata_olympic2000.csv,,,66,0.18181818181818182,0,0.0,1.0,792,0,,12,0,12
,,,,,,,,,,1.3026017434708184,,,,0.6175418556107639,1.3158720530037926,,,,,,,,,,,,,5.490495144450521,,,,0.21171551175508563,0.2851133859345886,,0.24744758951889798,0.307428169874813,0.09223591977245085,0.23354652587922722,0.2409202229791088,0.3497524198029107,,0.7954674198404253,3.3325241409727866,2.2206136350404613,11.973775362318843,17.832696134357878,2.45,,,,,,,analcatdata_runshoes.csv,,,60,0.18333333333333332,14,0.0,1.0,646,14,,11,0,11
,,,,,,,,,,0.7073985531845108,,,,0.9987745558294548,1.5477209856948089,,,,,,,,,,,,,6.377727452691786,,,,-0.031080721326205336,0.4523161524298655,,0.24507904184288623,0.4901289767122711,-0.0913824170821665,0.6451538806251836,0.4879150623807476,0.5816798238971985,,0.7853407046407316,1.407610005663125,1.8889525428256224,75.04040404040404,39.68601530430586,84.21969696969697,,,,,,,analcatdata_seropositive.csv,,,132,0.030303030303030304,0,0.0,1.0,528,0,,4,0,4
,,,,,,0.904871338059984,,,,,,,,,0.904871338059984,,,0.0,347.0625,-0.016140589306729236,"(1.0, 0.0)",1.0,,,4.726035724832992,0.24434599174924995,0.0,,,,,,,,,,,,,,,,,-0.016140589306729236,,,347.0625,,,,,,,analcatdata_vehicle.csv,,,48,0.10416666666666667,0,0.0,1.0,240,0,,5,0,5
,,,,,,,,,,0.27217027117418646,,,,0.15713757932783,0.62855031731132,,,,,,,,,,,,,,,,,0.2589455632697783,0.43228725175578125,,0.1387656642755959,0.3351497773616291,0.1573079405067542,0.3797830536763654,0.23665654950198808,0.4459287599818296,,-0.927994138440347,0.4973157192305818,-0.06680293714492969,507.39997329059827,854.2810027260305,9.099893162393162,,,,,,,analcatdata_vineyard.csv,,,468,0.008547008547008548,0,0.0,1.0,1872,0,,4,0,4
,,,,,,,,,,1.338199400497951,,,,0.7996068591843045,2.02672020394057,,,,,,,,,,,,,,,,,0.21153710701639325,0.25719414239389676,,0.20664946952107463,0.3010682219164195,0.5195166347329586,0.2387359284713926,0.5306757244637134,0.2743744975633551,,1.864051028349392,4.417066680618514,4.16950197046217,41.63846223926381,83.18974949881913,2.5092024539877302,,,,,,,analcatdata_wildcat.csv,,,163,0.03680981595092025,0,0.0,1.0,978,0,,6,0,6
,,,,,,,,,,4.709820889428459,,,,3.9896975716001593,9.856939544679348,,,,,,,,,,,,,,,,,0.1362244915613361,0.3757058601270497,,0.11559323820917118,0.3219419859886391,0.012013650241878091,0.40740854384322667,0.227773666202022,0.4054268242450958,,40.79088204105757,51.39348268007757,101.58831869278909,4763.141860465117,9333.093185976208,0.8640429338103757,,,,,,,arsenic-female-bladder.csv,,,559,0.008944543828264758,0,0.0,1.0,2795,0,,5,0,5
,,,,,,,,,,0.5910310598893004,,,,0.3325904326875622,1.508243103747759,,,,,,,,,,6.098344324367769,0.1437050832950768,,,0.27806153032166536,,,0.07599050297022542,0.4024328039912933,,0.16614103865608243,0.3765507063722041,0.10743703769754243,0.5662077223478397,0.2950238163472501,0.5427238927269397,,0.27491069293493053,1.3983366856379849,3.1836857049268987,541.430731907266,1321.7133572309094,19.50967741935484,,,,,,,auto93.csv,,,93,0.24731182795698925,11,0.0,1.0,2125,14,,23,0,23
,,,,,,,,,,0.9341666871748161,,,,0.8073873703141431,1.3807297805235197,,,0.12778973946392533,,,,,,,5.850557123940646,1.945294533990965,0.14342413680470525,,,,,0.10912060007078964,0.35751617561452714,,0.15381051430273096,0.38270911015449355,0.08642450100055153,0.4678345973589669,0.26851946485692263,0.5530759072738701,,1.6529557029523179,3.357227844899672,2.5296992750813985,1208.406570045751,3179.771583566134,104.25615763546799,,,,,,,autoHorse.csv,,,203,0.12807881773399016,44,0.0,1.0,5225,53,,26,0,26
,,,,,,,,,,0.8071759439076298,,,,0.7371898371742375,1.7961422058437058,,,0.12472439034359924,,,,,,,5.860845235726656,1.7804699209476214,0.13759536860920385,,,,,0.09369509849107137,0.3608389043602043,,0.18851064089770075,0.39373980968733974,0.0795735654481323,0.4958543671430007,0.31582920786066804,0.581173750132232,,1.1055394769508071,1.7973969621491903,3.1220053568033848,1356.1730411399562,3333.66194949765,13207.129353233831,,,,,,,Automobile.csv,,,201,0.12935323383084577,41,0.0,1.0,5177,49,,26,0,26
,,,,,,,,,,0.3204735434268171,,,,0.5648666138123726,0.45534192556309266,,,,,,,,,,,,,,,,,-0.024520743829986303,0.44917885957783793,,-0.039172526400609996,0.5214667127820269,-0.058518407587436934,0.6417946368129871,-0.10166005337244793,0.7646645745831291,,-0.5460952728651485,0.6753414459572843,-0.5194245405990445,423.8050302533074,964.4602955048455,23.514572864321607,,,,,,,autoMpg.csv,,,398,0.020100502512562814,6,0.0,1.0,3178,6,,8,0,8
,,,,,,,,,,0.7961196144200366,,,,0.6811542469775611,1.5765463970758375,,,,,,,,,,,,,,,,,0.0976660610877694,0.3750665989318542,,0.174130159329283,0.4129795827692168,0.08926003983450205,0.5183443896537999,0.3296823708454383,0.6070325430635655,,0.9864986950101533,1.5633415347443538,2.4811958332944064,1238.9450943396228,2944.698772869149,11445.729559748428,,,,,,,auto_price.csv,,,159,0.10062893081761007,0,0.0,1.0,2544,0,,16,0,16
,,,,,,,,,,0.5399534778849439,,,,0.19964956486951735,-0.2757908352516952,,,,,,,,,,3.753897320099348,0.05345760195825511,,,1.605145953927661e-16,,,0.0018151702044769855,0.41945805665184616,,0.20415042922765111,0.36708355617199523,-0.03600971836666536,0.5575410853272786,0.32501916190503916,0.4496530411212051,,-0.37188768168652037,0.5445006807220686,-0.7841513814119243,677764.6794871794,825699.2497772577,412099.3076923077,,,,,,,baseball-team.csv,,,26,0.3076923076923077,0,0.0,1.0,208,0,,8,0,8
,,,,,,,,,,0.6055941292609222,,,,-0.02038906270327535,0.4362904095621419,,,,,,,,,,,,,,,,,0.1941799837097516,0.3443888734514056,,0.24824700220993914,0.38169340023706416,0.04472850325682769,0.30156602202001576,0.3230272965890168,0.4278897949073742,,0.34336007957795817,1.4875559243620322,0.9256682506523846,48.82810291666667,71.51838248923832,0.42026770833333327,,,,,,,baskball.csv,,,96,0.052083333333333336,0,0.0,1.0,480,0,,5,0,5
,,,,,,,,,,1.4546636716021744,,,,0.49807481131237863,-0.04725555755362063,,,,,,,,,,,,,,,,,0.1723747409793646,0.31658466068039637,,0.16918005307544579,0.3218703093922885,0.12535678614834647,0.29540463945882905,0.32824511104748333,0.3989075715590125,,1.2869121238086094,7.6724787155627245,-0.8145762269613592,602.1085376221432,1388.9622404548968,4504.3488372093025,,,,,,,Bike Sharing in Washington_kaggle.csv,,,731,0.02051983584131327,0,0.0,1.0,10965,0,,15,0,15
,,,,,,,,,,0.7280202313400994,,,,0.1539839980344761,0.7951585750357456,,,,,,,,,,,,,,,,,0.2912278216207282,0.49479818061483816,,0.2650830911121688,0.44083128414343126,0.03120162986538895,0.32063049955358536,0.26964332070799096,0.4916285717600834,,-0.971036308859798,1.050984964062665,-1.0489217144040706,14.888714285714286,14.074018785532093,33.934000000000005,,,,,,,bolts.csv,,,40,0.175,0,0.0,1.0,280,0,,7,0,7
,,,,,,,,,,1.826794732537245,,,,0.9038895324203324,1.104810822864635,,,,,,,,,,,,,,,,,0.02246946845910593,0.32455415036557766,,-0.03419241939853563,0.36162894982335264,0.016227719767245453,0.48836180430851445,-0.1229595740354562,0.5587567375434741,,4.078481275388311,9.585334534841893,1.4686287722747462,66.67816985036703,130.31632218470045,22.532806324110677,,,,,,,boston.csv,,,506,0.02766798418972332,0,0.0,1.0,7084,0,,14,0,14
,,,,,,,,,,1.1353663842802115,,,,0.6454703028900463,0.0559335100004539,,,0.030497010227584814,,,,,,,6.683712294038245,0.5599625694010929,0.025140906439655008,,,,,0.22095807314289606,0.3225553671929235,,0.2931839646508457,0.39825678449303686,0.12257130013615836,0.17944737255084053,0.37300434290323997,0.3778274061040777,,1.577693371907081,3.7589807130276,0.04978598191123762,19.945804195804197,20.12464725980085,24.657342657342657,,,,,,,breastTumor.csv,,,286,0.03496503496503497,0,0.0,1.0,2860,0,,10,0,10
,,,,,,,,,,0.8143661448175057,,,,0.46181824870173654,1.1298741026270545,,,,,,,,,,,,,,,,,0.13582047797300686,0.2403592016591984,,0.23089678413837297,0.3388605343127796,0.1068824378023116,0.2136146150032401,0.12671187033081993,0.2577914401386681,,0.02510752213365462,1.6614608757917633,4.398208250636747,42.62262079249149,74.71416990910393,246.69306930693068,,,,,,,cholesterol.csv,,,303,0.0462046204620462,6,0.0,1.0,4236,6,,14,0,14
,,,,,,,,,,0.8712666102619148,,,,1.1623464032840896,0.1013695738991767,,,,,,,,,,,,,,,,,0.2722763917458239,0.3433069368042168,,0.3358296071654458,0.3813256284073557,-0.0026732293435517843,0.049970194261947376,0.131444371600623,0.329946117246746,,3.958827416148268,4.548522268205641,0.20900157100839234,19.96079809375,0.37968503335770676,19.921225,,,,,,,chscase_census2.csv,,,400,0.02,0,0.0,1.0,3200,0,,8,0,8
,,,,,,,,,,0.3664130567110975,,,,2.2476711568517835,2.6140842135628812,,,0.13204731049145477,,,,,,,5.00009930524686,0.5955227653068594,0.21974626013964552,,,,,,,"(0.9178714585251181, 5.974803723573131e-25)",0.47946786463127955,0.48034630255647637,,,0.9743481262590041,0.025651873740995812,0.9486962525180084,4.777956549486358,1.8526800800932932,6.6306366295796515,240.50083333333333,165.91249999999997,406.4133333333333,,,,,,,cocomo_numeric.csv,,,60,0.2833333333333333,0,0.0,1.0,1020,0,,17,0,17
,,,,,,,,,,0.9785481173204635,,,,0.6903603337523534,0.41636979411469355,,,,,,,,,,,,,,,,,-0.008601487536064288,0.23315555479369612,,0.08892990603683074,0.2902181476955154,-0.058008850440316256,0.2575107739535343,0.20397617864342055,0.41150733828074654,,1.136377150443697,3.9388876314296946,-0.31802358543657805,269.444832793959,335.8933073054475,35.817961165048544,,,,,,,Concrete_Data_Yeh_kaggle.csv,,,1030,0.008737864077669903,0,0.0,1.0,9270,0,,9,0,9
0.5728791767555613,,,1.1196349426753,,,,,,,0.6750641229915042,,,,0.6804973475772327,,,,0.030873355382272576,,,,,,,7.952371078239786,0.7883293300541665,0.018316337066216142,,,,,0.09717433659311768,0.3131436574380942,,0.23098590861029208,0.3826949164648102,0.22698636491134483,0.40418655850302115,0.49004200339225107,0.4089884244059515,,1.1951135243054676,2.2249066902092136,,19.174555243445695,10.660538113389155,,13.904634831460674,2.7602601558743998,0.2523151392483498,22.92869850187266,"(0.17696688442118436, 3.916574186056025e-05)",2.1736758411834933,cps_85_wages.csv,,,534,0.020599250936329586,0,0.0,1.0,5874,0,,11,0,11
,,,,,,,,,,0.7323914560407471,,,,3.255389462375407,4.273072105948175,,,,,,,,,,,,,7.5153471931637945,,,,0.16709874767611196,0.34534672091835644,,0.30596266068878347,0.414052872102139,0.262957715504261,0.5997062603832954,0.5711081271463929,0.5618462981280232,,14.23914702350496,6.347064267496827,22.513998391517713,2145.0656185919347,4057.0537913690714,99.33014354066985,,,,,,,cpu_with_vendor.csv,,,209,0.03827751196172249,0,0.0,1.0,1672,0,,8,0,8
,,,,,,,,,,0.6362062930091873,,,,0.7812205543797174,1.6391647440564094,,,0.3255409868452349,,,,,,,7.773038966729952,0.41474812833223573,0.363650613899356,,,,,0.1499660268624577,0.212722408755498,,0.2707906109470661,0.37320083430620415,0.13641681973514114,0.14182228036741584,0.22942613064687586,0.38109653564156293,,1.2845162160192234,2.0320936948956163,4.36844407237813,822.5483492556835,946.6115837789279,903.0735294117648,,,,,,,Crash.csv,,,340,0.03823529411764706,84,0.0,1.0,4330,90,,13,0,13
,,,,,,,,,,0.5224660646807825,,,,0.23879319949599934,0.8234110203504261,,,,,,,,,,,,,,,,,0.16929575288245446,0.5164138493412059,,0.21875770512917675,0.4645346063273505,0.16809564062311314,0.6503487495966138,0.32299843014128726,0.5738994496506629,,-0.9138184482716676,0.46804585947684185,0.11338609280482181,32568.32225274725,116470.39696908866,311.95000000000005,,,,,,,detroit.csv,,,13,1.0769230769230769,0,0.0,1.0,182,0,,14,0,14
,,,,,,,,,,0.2919684533395452,,,,-0.5511412423712564,-0.22622419111911485,,,,,,,,,,,,,,,,,0.22018583383728021,0.19788660368910282,,0.32585569221670835,0.3689775937342561,0.39216205732275844,0.11233793526428369,0.6324370022948443,0.2716395984232178,,-0.012820672467917701,0.4938405827528301,0.32619550474001313,1.8767441860465117,7.301906619097644,4.746511627906977,,,,,,,diabetes_numeric.csv,,,43,0.06976744186046512,0,0.0,1.0,129,0,,3,0,3
,,,,,,,,,,0.36070556699581585,,,,-0.1616187834645455,-0.2749336148002161,,,,,,,,,,,,,,,,,0.24196375016540164,0.32612599871139974,,0.30929646963535806,0.3369171510183474,0.11313060204938859,0.19562750679993374,0.37899006303981886,0.3322891525160496,,-0.4519191307022334,0.6687330863564238,-0.40483395096483177,7.8566666666666665,8.390916819361545,4.8,,,,,,,diggle_table_a1.csv,,,48,0.10416666666666667,0,0.0,1.0,240,0,,5,0,5
,,,,,,,,,,0.19740321156172594,,,,0.1558091321459608,0.2775999915492352,,,,,,,,,,,,,,,,,0.24766257852467333,0.3656153294063501,,0.19431210846342206,0.36687960574509476,-0.0182585592938261,0.03902825280440121,0.22356081841860237,0.4501620643827297,,0.28421303612753335,0.4450468441844602,1.0463757443156094,18216.064856013974,31510.481899912375,72793.81658308157,,,,,,,disclosure_x_tampered.csv,,,662,0.006042296072507553,0,0.0,1.0,2648,0,,4,0,4
,,,,,,,,,,0.4975172577775264,,,,0.8051091880486542,0.1696121535979699,,,,,,,,,,,,,,,,,0.1013111411560693,0.29824969122058215,,-0.08204963708061822,0.34856134741564415,0.06071867424739247,0.33574291772736176,-0.18464359786384849,0.4804873865910868,,0.5383696409232477,1.5075561912242361,-0.924572178082288,11.881483886019618,18.464677563681295,22.182923076923075,,,,,,,echoMonths.csv,,,130,0.07692307692307693,69,0.0,1.0,1203,97,,10,0,10
,,,,,,,,,,0.10919283616372184,,,,-0.004621181001663058,-0.04073460036010432,,,,,,,,,,,,,,,,,0.0955716474435882,0.26894218829591443,,0.09984356741622538,0.3581850801130753,0.034527325387716024,0.21685487313910098,0.184044316088512,0.48577354853793425,,-0.29461135879590056,0.691982955492466,-1.6387736531272066,-285.21733333333333,777.9809217152365,-1840.0,,,,,,,EgyptianSkulls.csv,,,150,0.03333333333333333,0,0.0,1.0,750,0,,5,0,5
,,,,,,,,,,0.24258109611171488,,,,0.11359889113480506,0.3038232775214311,,,,,,,,,,,,,,,,,0.13116097999201576,0.2552655616198506,,0.20732939537575995,0.3055866087984793,0.09115789699230467,0.1681198163885172,0.40210206086887695,0.3238538180898095,,-1.0041247870802792,0.23961983203114748,-0.626319345340641,6.3128,1.1971211133381616,4.131,,,,,,,ERA.csv,,,1000,0.005,0,0.0,1.0,5000,0,,5,0,5
,,,,,,,,,,0.3192709518139669,,,,0.8239930727941503,1.028250268817176,,,,,,,,,,,,,,,,,0.31894592859703486,0.4279285312972993,,0.41607965161577826,0.4463200598485289,0.49126823307461737,0.5284385868427736,0.7199458156069822,0.4054646456367364,,0.1755941667338532,0.7958718999273297,0.9152881930068202,45.41008000000001,24.725924254708865,43.2772,,,,,,,FacultySalaries.csv,,,50,0.1,0,0.0,1.0,250,0,,5,0,5
,,,,,,,,,,0.5862805425345652,,,,0.4053521708403048,1.0877680450441614,,,,,,,,,,,,,,,,,0.19934015923917875,0.3708719262119701,,0.2700843423503994,0.3998076859123574,0.20191271078251485,0.45855020699322435,0.5119962230027335,0.49074346382694795,,-0.12026854419224228,0.7095201496350132,0.7915591892437455,66.4530107862364,126.05312342559355,398.69556962025314,,,,,,,fishcatch.csv,,,158,0.05063291139240506,87,0.0,1.0,1177,87,,8,0,8
,,,,,,,,,,6.924232945222529,,,,2.685572337672951,12.809629951754577,,,,,,,,,,8.62485790130268,0.04584567915711091,,,0.03578830620722277,,,0.15184367888185768,0.2594643304708165,,0.23173764180187462,0.32125920076449355,0.08228194411029137,0.22873937770139932,0.12013304907137388,0.28131325908248794,,63.4429121105614,124.90928543063659,192.25664556902515,77.04651837524179,153.16975569274652,12.847292069632493,,,,,,,forest-fires.csv,,,517,0.025145067698259187,0,0.0,1.0,6721,0,,13,0,13
0.2800559253722341,,,-0.20688879960767845,,,,,,,0.18702907050198037,,,,-0.01582428310171876,,,,,,,,,,,,,,,,,,0.25170573693380105,0.3293580186197336,,0.2142437537115563,0.34546446063350533,0.007717783573894573,0.12748585803710508,0.04302666118262443,0.28600041093349216,,-1.1178932095927534,0.21568891830317055,,-3.067499999997149e-06,0.0002380389363482103,,5.9357500000007944e-05,0.15126213971228042,-0.4990398694312265,-3.642499999998439e-06,"(-0.5351681109541694, 9.674768071637828e-09)",-0.9335315709018843,fri_c2_100_25.csv,,,100,0.26,0,0.0,1.0,2600,0,,26,0,26
,,,,,,,,,,0.8446999448770226,,,,0.5484101425404329,1.5711575973974423,,,,,,,,,,,,,,,,,0.15422588961946312,0.35511854728381903,,0.373115561402912,0.4115461695521875,-0.033158153145942705,0.2940430520298167,0.22557338890349427,0.3915211952487724,,0.0908523598040861,1.5820695542814658,2.9762566047714643,17.504991999999998,21.616027140625448,23.464,,,,,,,fruitfly.csv,,,125,0.04,0,0.0,1.0,625,0,,5,0,5
,,,,,,,,,,1.0863203109793969,,,,-0.0510748697422764,-0.5419651463810254,,,,,,,,,,,,,,,,,0.25256215048871,0.4044415877846306,,0.3904340664352587,0.3879974373499823,0.6677462142893051,0.22767598470818862,0.78399569937046,0.21476968527528903,,-0.15305355502007967,1.1093192134401793,-1.1180380261804483,1903.2637870370374,3176.037334641637,207.03333333333333,,,,,,,gascons.csv,,,27,0.14814814814814814,0,0.0,1.0,108,0,,4,0,4
,,,,,,,,,,0.9071387146720451,,,,0.17698720866977918,0.0968384478392508,,,,,,,,,,,,,6.999916400813866,,,,0.09569315298265925,0.34546313895687636,,0.18999352024847674,0.43421124621547624,0.08256623357535854,0.44436123866391203,0.36912019722607753,0.5674341815545548,,0.6282863062930402,1.947008463884777,-0.7894680934386487,9.029304139240505,23.53640335695422,5.37573417721519,,,,,,,happinessRank_2015.csv,,,158,0.06962025316455696,0,0.0,1.0,1738,0,,11,0,11
,,,,,,,,,,5.1893069422158336,,,,3.189520891336176,1.880940746034036,,,0.07134842816949714,,,,,,,7.629925643743632,2.232726061719578,0.058452329246396297,,,,,0.13635197452931772,0.240859178496098,,0.1795861432030038,0.26328049470363857,0.09698674505829916,0.21064016315048667,0.3064477215681793,0.31728338872347145,,43.2301438833104,125.92798273181407,6.509812011089439,5980.542727639001,30507.720270096474,180921.19589041095,,,,,,,house_prices_kaggle.csv,,,1460,0.0547945205479452,0,0.0,1.0,116800,0,,80,0,80
,,,,,,,,,,0.3107761499570449,,,,-0.005107160238536633,0.37890695836581983,,,,,,,,,,,,,,,,,0.1853790520059323,0.4200429791988841,,0.291291142038301,0.34019754509075895,0.11050395842300773,0.45033677729792304,0.15769047654236362,0.34920444651798355,,-0.6424002999324241,0.34250317890145343,-0.5229776200433998,9.526041666666666,18.212044650272027,69.91190476190475,,,,,,,hutsof99_child_witness.csv,,,42,0.38095238095238093,0,0.0,1.0,672,0,,16,0,16
,,,,,,,,,,0.1788520155317189,,,,0.04165793105331896,-0.28050918913454237,,,,,,,,,,,,,,,,,0.1274947756575768,0.3319493608839655,,0.12547511695151975,0.4070745179510939,-0.01247486622162017,0.29926660553895884,0.1123218837633834,0.49624735097704853,,-1.1694379377157573,0.7054214393909453,-0.34549618175052155,14.621178571428572,22.836543069408943,60.60871428571429,,,,,,,hutsof99_logis.csv,,,70,0.11428571428571428,0,0.0,1.0,560,0,,8,0,8
,,,,,,,,,,1.5759720589989759,,,,1.9200501309609046,3.596179684123813,,,,,,,,,,,,,,,,,0.16922825187174695,0.283446472150158,,0.18403775592865423,0.28542213166535063,0.030852484969005348,0.1442197378203264,0.10291514492687519,0.2494655910847741,,4.533506560581893,5.057493278843803,11.436400089106703,15.408750000000001,35.965784534575356,1.125,,,,,,,ICU.csv,,,200,0.1,0,0.0,1.0,4000,0,,20,0,20
,,,,,,,,,,1.4006080409635475,,,,0.7447181618785613,-0.12368872087813448,,,0.08683665033162676,,,,,,,9.513127592286747,0.11456654833699875,0.9092895905078997,,,,,0.09210219621904973,0.23415318511391658,,0.18652993383215763,0.31050252669649425,0.14262505671325884,0.3313547702230634,0.3542859394590714,0.36762175512787343,,3.8970244167529713,5.42347800253562,-0.6153431230825008,29591.089829059827,65153.5725503938,58.98504273504273,,,,,,,IMDB-Movie-Data_kaggle.csv,,,936,0.011752136752136752,0,0.0,1.0,10296,0,,11,0,11
,,,,,,,,,,0.5317976398562572,,,,0.4475745133160218,0.8081422882349895,,,,,,,,,,,,,3.321928094887362,,,,0.323451363636591,0.33874842723078596,,0.33626823838642544,0.3875202457042899,0.23052331865791653,0.2736709382590786,0.22236791844201304,0.34582569895793686,,-0.6299582764477767,0.8519747011323336,-0.49530368531563207,410.1439625,668.5254308731996,101.0,,,,,,,iq_brain_size.csv,,,20,0.45,0,0.0,1.0,180,0,,9,0,9
,,,,,,,,,,1.7605215554718245,,,,2.7314093693708044,5.533384026829362,,,,,,,,,,,,,,,,,0.28029630297620267,0.3443144796231055,,0.25658124105577196,0.3090116473707441,0.44595503006711645,0.4118615794018785,0.3780658663783867,0.2597728680007365,,13.004283986871874,14.851310550547765,42.183880431889875,1394.3039789295285,8579.400666615427,4.613793103448276,,,,,,,kc1-numeric.csv,,,145,0.6,0,0.0,1.0,12615,0,,87,0,87
,,,,,,,,,,1.5900557662447132,,,,1.604928023409195,4.14898475680588,,,0.047978316370716576,,,,,,,7.620941280132058,0.08333550908745817,0.036265634851852545,,,,,0.13078397524822552,0.24990941635173708,,0.19095691148227875,0.30144026116451833,0.2576005041443545,0.35088297662638585,0.24638252141054107,0.30173521491053845,,6.202385456460145,6.256008424570866,18.693812875581248,45.998603472967346,53.909514614223184,2.17753164556962,,,,,,,kdd_coil_7.csv,,,316,0.0379746835443038,34,0.0,1.0,3736,56,,12,0,12
,,,,,,,,,,1.2093013650079205,,,,1.6812689110288748,1.5370990447036306,,,,,,,,,,,,,,,,,0.15430262643496576,0.1883054283779313,,0.19189198932800333,0.27495824278275016,0.24321637960660222,0.17061657641556327,0.3485691368529924,0.31049293797503746,,6.458985920893447,4.559744729778149,3.5931694652393533,42.80289855072463,28.946411991916527,3.455072463768116,,,,,,,liver-disorders.csv,,,345,0.017391304347826087,0,0.0,1.0,2070,0,,6,0,6
,,,,,,,,,,0.20645763933731387,,,,-0.024807027728307222,-0.09430959973472815,,,,,,,,,,,,,,,,,0.3803269279362942,0.4020547118229259,,0.4262987764399511,0.4392447234542084,0.6628851540616247,0.38111356575224703,0.8159663865546218,0.280913070355462,,-1.1283443543806164,0.1219802776773972,-1.351478494977959,82613.65982142858,131263.36103698346,65317.0,,,,,,,longley.csv,,,16,0.4375,0,0.0,1.0,112,0,,7,0,7
,,,,,,,,,,0.6618909877374146,,,,3.1970676682450496,3.864819547035671,,,,,,,,,,,,,,,,,0.1657682446486286,0.3437918860164666,,0.30197115160633337,0.41148903063303727,0.2571646936759655,0.5850208504545265,0.5537290616615066,0.5234367494223662,,13.703734600406767,5.757109270209494,18.766111429830357,2145.9644565960357,4056.6011319746576,105.622009569378,,,,,,,machine_cpu.csv,,,209,0.03349282296650718,0,0.0,1.0,1463,0,,7,0,7
,,,,,,,,,,0.6925931990799743,,,,0.42959772639214244,-0.1640269676819231,,,,,,,,,,,,,,,,,0.10969292575972162,0.33045252432515526,,0.17504364267284742,0.42792456408046303,-0.006704938703438727,0.2782489339876512,0.3254894511367956,0.5521353859547861,,-0.12946172592614813,0.17202827808210053,-0.3705941579905039,192.75253551912567,270.1188169689532,3.2903934426229506,,,,,,,mbagrade.csv,,,61,0.04918032786885246,0,0.0,1.0,183,0,,3,0,3
,,,,,,,,,,1.167536281136225,,,,0.8803082943895635,0.9723852608085275,,,,,,,,,,,,,,,,,0.12367465257998948,0.4379490786416857,,0.15105089805026176,0.5149516426770201,0.021161966004467545,0.5543220326010248,0.1376313715582842,0.7135064325828442,,1.3330836207764158,2.589604954830211,0.7121080387521701,10.55022641509434,12.404491002437297,0.5132075471698113,,,,,,,MercuryinBass.csv,,,53,0.18867924528301888,0,0.0,1.0,530,0,,10,0,10
,,,,,,,,,,3.884813490257766,,,,4.554166332072786,0.04086905591805196,,,,,,,,,,,,,,,,,0.21309736800385953,0.38521464129454913,,0.03711650516810717,0.3251756830749366,0.40901081214710894,0.5058066221566277,-0.004807474455026184,0.48747645896652764,,43.17374073248202,42.53879513062671,-1.2254641964806765,526.8478873239436,996.2657495970512,25.573943661971832,,,,,,,mu284.csv,,,284,0.035211267605633804,0,0.0,1.0,2840,0,,10,0,10
,,,,,,,,,,1.9741215225676378,,,,1.9600420750473528,4.188075145311239,,,0.10504800765971377,,,,,,,5.2894637919948195,0.5844252681300649,0.18502365035651053,,,,,0.017552573347582166,0.3374187187541001,,0.2077246250135193,0.40493681135594517,0.08423975190009601,0.5939136248099287,0.4867348825433434,0.5879574528855454,,9.757205188328411,10.883664647939705,21.808679743506502,675.6353494623656,790.0139119757398,624.4118279569893,,,,,,,nasa_numeric.csv,,,93,0.24731182795698925,0,0.0,1.0,2139,0,,23,0,23
,,,,,,,,,,0.6155683362701139,,,,0.6400128695890975,2.0129229736504413,,,,,,,,,,,,,,,,,0.41695273811644973,0.4163108780418542,,0.34470377759010024,0.3145016147016105,0.662010436113814,0.3824131378802887,0.272139539257801,0.3330096498518551,,0.20802234783878704,1.6012309535282299,3.777461241765341,5506.069487179488,9656.40187895522,82.91692307692307,,,,,,,nflpass.csv,,,26,0.23076923076923078,0,0.0,1.0,156,0,,6,0,6
,,,,,,,,,,0.43935624616324637,,,,0.026546691806137848,0.4856808184580041,,,,,,,,,,,,,,,,,0.22693629938309098,0.3021008516027337,,0.2633921734307991,0.28630931613942623,0.19132537156452736,0.3087153146249964,0.2013637037908267,0.2399132776187433,,-0.1854765870615862,0.8374941509108671,-0.3781217934033281,12.42700081300813,6.676576459738663,14.960266666666667,,,,,,,papir_2.csv,,,30,1.3666666666666667,0,0.0,1.0,1230,0,,41,0,41
,,,,,,,,,,1.307781760909576,,,,1.3925593521051618,0.344177130352537,,,0.2769956011796656,,,,,,,7.787489555537602,1.0729959374177112,0.25574327681188974,,,,,0.07456331214004192,0.2217890954304877,,0.11231964350145907,0.2584871012445602,0.07024807044248813,0.2668893231131077,0.2328397110899053,0.34794490332946715,,4.808106000837625,5.2760051401769195,-1.8139737280082764,1802.0412411215968,4876.325903041058,0.8301435406698564,,,,,,,pbc.csv,,,418,0.045454545454545456,142,0.0,1.0,7333,609,,19,0,19
,,,,,,,,,,0.7864023776300029,,,,0.1927409205745014,1.051579050359629,,,,,,,,,,,,,,,,,0.21746483518834228,0.33241777253955485,,0.1518801966726905,0.3909727443642553,0.006828856120661989,0.13845901518870582,-0.024928527647346516,0.3745713217129691,,-0.4262261475137599,1.3438704646147586,0.33374127940926934,1612.8047955767026,5159.367396471626,558.7282051282051,,,,,,,pharynx.csv,,,195,0.06153846153846154,2,0.0,1.0,2338,2,,12,0,12
,,,,,,,,,,1.760775450614332,,,,1.5217857406414423,0.6404543244442441,,,,,,,,,,,,,,,,,0.15683842715589325,0.179148530651773,,0.14961786032553534,0.23160224127693066,0.25574692371085944,0.16451230012669335,0.24020260779080863,0.2923187040625894,,8.71037697285356,17.054639234256115,0.9730935935652862,3175.4734886862548,2381.5464184427924,5525.364741641338,,,,,,,places.csv,,,329,0.02735562310030395,0,0.0,1.0,2961,0,,9,0,9
,,,,,,,,,,1.7683994077263208,,,,0.9875687380987637,0.09594158635166194,,,,,,,,,,,,,,,,,0.12998927631150337,0.33900687750315106,,0.13944488405285832,0.33440764812591767,0.04014297248369452,0.3181604723675065,0.19103619378960085,0.39175686115749697,,4.5533022483985075,9.634344136951187,0.05166494323546722,331.9092666666667,941.1070478156184,940.3584333333334,,,,,,,pollution.csv,,,60,0.26666666666666666,0,0.0,1.0,960,0,,16,0,16
,,,,,,,,,,0.9401470712314053,,,,0.5959437224381218,0.4846164087171846,,,,,,,,,,,,,,,,,0.1345820825001423,0.3829836337000579,,0.27530914514762655,0.3878511920046304,0.0015168059706540935,0.38077548805420863,0.31957496417247633,0.38239320198234444,,1.22177557109958,3.842524396824609,0.25216941028950135,69.44642857142857,93.44627376067393,286.6458333333333,,,,,,,pubexpendat.csv,,,48,0.14583333333333334,0,0.0,1.0,336,0,,7,0,7
,,,,,,,,,,0.13635162840305082,,,,0.03738405444822632,0.2070986566493985,,,,,,,,,,,,,,,,,0.23648250972272047,0.3386273638140618,,0.2036613418855019,0.37879842471863884,0.012599782787576931,0.14838782692567815,0.15870181857652915,0.39113217811438045,,-1.4328022877609772,0.38430841425186396,-0.31952684659382813,-0.04066363636363637,0.11522012350064609,-0.33730000000000004,,,,,,,pwLinear.csv,,,200,0.055,0,0.0,1.0,2200,0,,11,0,11
,,,,,,,,,,1.4868187013888665,,,,1.89031541011849,-0.601611777766196,,,,,,,,,,,,,,,,,0.19816430125993958,0.3058321922327112,,0.19209998946138,0.2946371062690403,0.13526419623853753,0.3004021906409682,0.2608409525479782,0.286162658271577,,5.354338191493018,8.205074374205045,3.533094141441226,0.2681211211211211,0.11784767246210494,0.6593378378378378,,,,,,,pyrim.csv,,,74,0.36486486486486486,0,0.0,1.0,1998,0,,27,0,27
,,,,,,,,,,1.549473724583187,,,,0.9399093740301884,1.2973316207003527,,,,,,,,,,,,,,,,,0.12499778259615568,0.22574097193048526,,0.2534057056383556,0.3568495522807666,-0.002871203581495746,0.11305739869733626,0.2558538184075645,0.4306632923361302,,2.679442702588786,4.771160669103629,1.5736862035192223,35.803494031221305,29.650474536468494,5.977180899908173,,,,,,,quake.csv,,,2178,0.0018365472910927456,0,0.0,1.0,8712,0,,4,0,4
,,,,,,,,,,0.7655397321219086,,,,0.7920796106305409,2.740681613356885,,,,,,,,,,,,,,,,,0.127073534636718,0.33681801387495264,,0.1650862690733373,0.3456278452599121,0.1844250995553964,0.42917454577847775,0.19435520329485304,0.3877750621804915,,1.4984872194294079,3.5719639995009618,12.587277099903519,47.948323192555456,47.9241933380038,8.386515748031496,,,,,,,rmftsa_ladata.csv,,,508,0.021653543307086614,0,0.0,1.0,5588,0,,11,0,11
,,,,,,,,,,0.011161582789080209,,,,-0.0033653438343515993,-0.04038412601221919,,,,,,,,,,,,,,,,,0.4173027770468104,0.47537567709591383,,0.20376093102850523,0.3127953115812935,0.02892598119338349,0.17691472701911387,0.06859958260701135,0.2880478490885255,,-1.471155266095268,0.5430694136797302,0.05470823542821002,3.2145543981481484,3.6227848016261377,15.074652777777779,,,,,,,sensory.csv,,,576,0.020833333333333332,0,0.0,1.0,6912,0,,12,0,12
,,,,,,,,,,0.5863502710222559,,,,0.9457847886894409,1.774861774701137,,,,,,,,,,6.938598357394322,0.030343777362394242,,,0.008709711134124611,,,-0.025040296730394002,0.43714040182121294,,0.00624831896654147,0.49838044949148824,-0.09114979785645987,0.6070858292414717,-0.004505443781306499,0.7263664134322411,,0.0708813871817379,1.3491132327301363,1.9757332158919478,2.6947730554491014,1.1345715173911082,1.3897083879041916,,,,,,,servo.csv,,,167,0.029940119760479042,0,0.0,1.0,835,0,,5,0,5
,,,,,,,,,,2.2094458873479854,,,,2.0505131097710594,0.3684569346939217,,,,,,,,,,,,,,,,,0.1544906499979471,0.36976481863241845,,0.2526447654364622,0.3986111019723633,0.24090221841067636,0.513631271965804,0.38318432743519093,0.4617523493823419,,8.70456639240992,14.922333630610462,-1.2235213475968656,82.82389954115685,103.43810180040472,2.6129032258064515,,,,,,,sleep.csv,,,62,0.12903225806451613,11,0.0,1.0,484,12,,8,0,8
,,,,,,,,,,0.42173592248558883,,,,0.4251169732609819,0.7397086200970833,,,,,,,,,,3.54373142062517,0.54373142062517,,,5.416063315377925e-16,,,0.0990589487614062,0.32460262264403245,,0.22200353622568797,0.32345723121589764,-0.056983039128319556,0.32778726575980394,0.20361511853993577,0.3756346176077292,,0.028435913010036958,1.0121235827586563,0.7859957184426616,101314.77815126053,232073.3924185849,182.91176470588235,,,,,,,sleuth_case1102.csv,,,34,0.2647058823529412,0,0.0,1.0,306,0,,9,0,9
,,,,,,,,,,1.419020036993854,,,,1.9785989254267362,0.9266135988241727,,,,,,,,,,,,,4.92537340848911,,,,0.18778387174575192,0.3672226856189711,,0.2439803512538155,0.37367675122611493,0.14244414265824218,0.49781990686060623,0.2078877300940286,0.3776817999910103,,6.035970066482629,8.912174898112344,1.1961496852548734,105527.3364814815,294301.04753119004,89.83571428571429,,,,,,,sleuth_ex1221.csv,,,42,0.23809523809523808,0,0.0,1.0,420,0,,10,0,10
,,,,,,,,,,0.28964786414720955,,,,-0.17107719293629833,-0.48320091809085053,,,,,,,,,,,,,,,,,0.29699796234829906,0.32883972762755925,,0.3323030136347922,0.3825186739292396,0.2404062355355139,0.24799900332808616,0.4454946997924349,0.3354075633434495,,-0.03551557737110178,0.27050228491738193,-0.241465012209241,91.15053763440862,36.64866765684782,106.43548387096774,,,,,,,sleuth_ex1605.csv,,,62,0.0967741935483871,0,0.0,1.0,372,0,,6,0,6
,,,,,,,,,,0.663755313167412,,,,0.5351163506451708,1.192866707884595,,,,,,,,,,,,,,,,,-0.005756503195636963,0.37334303838648053,,0.011304196277639011,0.485446643742665,-0.061721652058324375,0.6035261887953258,-0.14596797310475204,0.7432956973819238,,0.3632006899393645,1.4138598356870808,3.4270689093117257,1358.9510638297872,3529.052653947592,10695.829787234043,,,,,,,sleuth_ex1714.csv,,,47,0.1702127659574468,0,0.0,1.0,376,0,,8,0,8
,,,,,,,,,,2.008336944736365,,,,1.4713594189356958,4.994974392561782,,,,,,,,,,,,,,,,,0.15263599614602036,0.32124532359490976,,0.2035970588072534,0.381092272585533,0.1270321612588778,0.3138027841151005,0.34030803626759715,0.39220387874504786,,7.036521978194038,10.5896311831074,27.2219604649886,92284.46108050848,347563.78453830205,22.966101694915253,,,,,,,SMSA.csv,,,59,0.2711864406779661,0,0.0,1.0,944,0,,16,0,16
0.060234316767537446,,,0.020641004495288526,,,,,,,0.4229942731757803,,,,-0.008773131364211213,,,,,,,,,,,,,,,,,,0.05343925945398743,0.35224457035819484,,0.023220372961702113,0.4197283490123799,0.08149072991843374,0.473258407454709,0.04069600488054953,0.5866878153000568,,-0.7982447121960854,0.39440789995467496,,41.61005915789474,15.65304093467126,,4.5342436842105265,0.050834395014028644,0.6789581449091084,42.4598352631579,"(0.7111480358490807, 3.15816018641078e-147)",-1.0081745575085992,stock.csv,,,950,0.010526315789473684,0,0.0,1.0,9500,0,,10,0,10
,,,,,,,,,,2.179898919747875,,,,1.2263381105093119,6.402214498335141,,,,,,,,,,,,,,,,,0.1606368901535012,0.3086911457763639,,0.18003009264083206,0.3474546946790818,0.041133774201660325,0.2132825108479425,0.16023923798541437,0.4275687348823481,,8.527158385761012,21.276069849675068,60.582207230430065,332.9356891428571,675.0474360600691,302.3024,,,,,,,strikes.csv,,,625,0.0112,0,0.0,1.0,4375,0,,7,0,7
,,,,,,,,,,1.1150002515274031,,,,0.4594507081929681,-0.9107980386425641,,,0.013579460891135197,,,,,,,7.973697954237251,1.0529301006332947,0.008592946693859934,,,,,0.103327052689615,0.2669259523367611,,0.0710838187860052,0.2980518063830618,0.027547432975823533,0.2230421745959245,0.1331478990687392,0.4305070627967481,,1.3185543290438653,2.9244135241433598,2.6821233181895012,5.089753466872111,4.732742470356267,11.906009244992296,,,,,,,student-performance.csv,,,649,0.05084745762711865,0,0.0,1.0,21417,0,,33,0,33
,,,,,,,,,,0.526162190461139,,,,0.6834675854004417,0.9972191126947177,,,,,,,,,,,,,,,,,0.3512970713578474,0.5222604143029631,,0.17275561634689995,0.267944847068721,0.6206906759378513,0.5979788980988198,0.3571613980799902,0.3045715478195911,,0.9682075884292725,1.2584259477614266,0.061445096205260175,3.355193949239034,5.818821719636691,18.502083333333335,,,,,,,tecator.csv,,,240,0.5208333333333334,0,0.0,1.0,30000,0,,125,0,125
,,,,,,,,,,1.4877729609050605,,,,1.420906568322346,3.2662539392723513,,,,,,,,,,,,,,,,,0.11914340704737875,0.3328081785105374,,0.20400405539095265,0.36742223395684576,-0.02833631473007004,0.2964383591112184,0.11777221355808046,0.3672530791194771,,3.6819157345684417,7.093266924632183,10.010654599955695,46.76598837209302,66.74143341765837,0.313953488372093,,,,,,,treepipit.csv,,,86,0.11627906976744186,0,0.0,1.0,860,0,,10,0,10
,,,,,,,,,,2.973403502111792,,,,3.169154872540487,-1.3422024536748665,,,,,,,,,,,,,,,,,0.1349033549275239,0.3049692502974946,,0.19925626036112226,0.2797793484558984,0.04080162876912577,0.3088579333236897,0.08906533370530846,0.16965318623150002,,17.887682965091198,34.45423883477076,2.0090539863526464,0.2186848915618735,0.11048146494505197,0.6518709677419354,,,,,,,triazines.csv,,,186,0.3172043010752688,0,0.0,1.0,10974,0,,59,0,59
,,,,,,,,,,0.5738954082792702,,,,-0.5007814983990339,-1.122608911684006,,,,,,,,,,,,,,,,,0.36292238147837247,0.363107077321532,,0.4091758390615022,0.41929125771904485,0.7049397429572446,0.06923527654291091,0.7909797170040463,0.1611085618410106,,0.4720431444907862,1.0555806515224178,1.7941954873381896,10.33974358974359,6.064639551765105,18.08653846153846,,,,,,,vineyard.csv,,,52,0.057692307692307696,0,0.0,1.0,156,0,,3,0,3
,,,,,,,,,,0.671837953008859,,,,0.24762002311026632,0.45371891228627964,,,,,,,,,,,,,,,,,0.024019884752512655,0.336820550097124,,-0.006830278230011075,0.4571835827016202,0.027420967969041043,0.47911653578284,-0.041532378415504057,0.6348945426268916,,-0.027993662929843954,0.8420369681642567,0.2808870501533729,78.65810810810811,65.81440827770963,9.938738738738738,,,,,,,visualizing_environmental.csv,,,111,0.036036036036036036,0,0.0,1.0,444,0,,4,0,4
,,,,,,,,,,0.21052160025164002,,,,0.15074786827766626,-0.14372288949126566,,,,,,,,,,,,,,,,,0.26693920792559805,0.3186305952415865,,0.30989407852881606,0.37889457908384244,-0.038010985663588195,0.09127494091037078,0.31321510501311745,0.4940092396891155,,-1.2955060878966298,0.09270119126724456,-1.200073225954412,4.972647727272727,5.010899612415511,0.9264772727272728,,,,,,,visualizing_ethanol.csv,,,88,0.03409090909090909,0,0.0,1.0,264,0,,3,0,3
,,,,,,,,,,0.46687278664573495,,,,0.44771292045492705,0.9347606154463749,,,,,,,,,,,,,,,,,0.03420400478840474,0.5010410447819962,,0.07117406995252581,0.5562634326023673,-0.1651693619177954,0.5273869176127827,0.03246381927469233,0.6964108166418955,,-0.7354631585459837,0.6371569211078166,0.07081948685920025,27.731163827272727,27.83433534694272,5.877324990909091,,,,,,,visualizing_slope.csv,,,44,0.09090909090909091,0,0.0,1.0,176,0,,4,0,4
,,,,,,,,,,0.7546748072730903,,,,1.1118732592756742,0.5138612730266058,,,,,,,,,,,,,,,,,0.19335251259202926,0.3052885294408956,,0.06677707528369216,0.306885881993336,0.2205954637542843,0.3317559605558157,-0.04531332158180638,0.25613192285377784,,2.622547340414249,4.461224068747927,-0.8217692331288959,86.31782083989378,286.0565116691819,46.93814432989691,,,,,,,wisconsin.csv,,,194,0.17010309278350516,0,0.0,1.0,6402,0,,33,0,33
,,,,,,,,,,0.3747630666709411,,,,-0.0873263922220188,-0.3042236552252243,,,,,,,,,,,,,,,,,0.11049242148219059,0.34017700445810295,,0.2045203982809169,0.40771603691037334,0.15893739891140019,0.4102712876816317,0.3594968895958684,0.4970144965396243,,0.8557004102099481,1.5047013240891651,-0.7165103204100269,1852.9316,3643.8778624410343,67.468,,,,,,,witmer_census_1980.csv,,,50,0.1,0,0.0,1.0,250,0,,5,0,5
,,,,,,,,,,0.6779070084969776,,,,0.15797487287238665,1.7477493780248623,,,,,,,,,,,,,,,,,0.3590480220880167,0.4454172328917454,,0.4221495155380384,0.43602354659266784,0.09330227279108308,0.2850545210491097,0.29099934487023243,0.4473860419737304,,-0.02449412657895308,1.0739327840961075,1.997297035979737,2.9853497217068643,3.8275981510032895,10.495357142857143,,,,,,,yacht_hydrodynamics.csv,,,308,0.022727272727272728,0,0.0,1.0,2156,0,,7,0,7
